feedback,sentiment
Teaching is very clear and understandable,Positive
Faculty explains concepts in simple way,Positive
Classes are very interactive,Positive
Teachers are very supportive,Positive
Labs are well equipped,Positive
Campus environment is pleasant,Positive
Library has good collection of books,Positive
Exams are conducted smoothly,Positive
Assignments help in understanding subject,Positive
Doubt clarification is very helpful,Positive
Faculty encourages students to participate,Positive
Project guidance is excellent,Positive
Classrooms are clean and comfortable,Positive
Practical sessions are very useful,Positive
Syllabus is well structured,Positive
Workshops are informative,Positive
Seminars improve knowledge,Positive
Online classes are well organized,Positive
Department provides good support,Positive
Placement training is useful,Positive
Teaching quality is improving every year,Positive
Teachers use real life examples,Positive
Study materials are helpful,Positive
Internal exams are fair,Positive
College management is supportive,Positive

Teaching is very boring,Negative
Faculty does not explain clearly,Negative
Labs are not functioning properly,Negative
Classrooms are not clean,Negative
Syllabus is too difficult,Negative
Exams are very tough,Negative
Assignments are too lengthy,Negative
No proper guidance for projects,Negative
Faculty is not supportive,Negative
Placement training is not useful,Negative
Library lacks important books,Negative
Online classes have technical issues,Negative
Doubt clarification is not clear,Negative
Seminars are not interesting,Negative
Workshops are not practical,Negative
Too much syllabus in short time,Negative
Internal marks are unfair,Negative
Campus facilities are poor,Negative
Faculty comes late to class,Negative
Practical equipment is damaged,Negative
No proper communication from department,Negative
Exams are not well organized,Negative
Too many assignments every week,Negative
Teaching method is outdated,Negative
Notes provided are not helpful,Negative
